sfield,dbCode,filename,tableName,pcode,pageIdx,pykm,year,issue,dbcode,dbname,depth,download_timeout,download_slot,download_latency,title,author,orgn,catalog_ABSTRACT,catalog_KEYWORD,catalog_ZCDOI,catalog_ZTCLS,ref_wx
,CJFD,DHJY202004020,CJFDAUTO,CJFD,0,DHJY,2020,04,CJFD,CJFDAUTO,2,180.0,kns.cnki.net,0.17453289031982422,第二届“南国农信息化教育奖”杰出贡献奖获奖者程建钢研究员成就简介,,,"<正>程建钢,男,生于1960年,清华大学教育研究院学术委员会副主任,研究员。1996年进入电化教育领域工作,从事电教工作24年,主要聚焦高等教育与职业教育的教育技术研究与信息化实践,经历五个发展阶段,在应用与实践方面取得较为显著的成果,研究成果的推广应用也取得较好的社会效益。",,,K825.46;G43,
,CJFD,DHJY202004008,CJFDAUTO,CJFD,0,DHJY,2020,04,CJFD,CJFDAUTO,2,180.0,kns.cnki.net,0.2792532444000244,“互联网+”时代三位一体的教育供给侧改革,冯晓英 王瑞雪 曹洁婷 黄洛颖,北京师范大学远程教育研究中心,"我国明确提出要建设""公平而有质量的教育"",现阶段教育面临的主要矛盾也对应在""质量/个性化""和""公平/均衡""这两点上。教育供给侧改革正是破解当前教育主要矛盾、推动教育高质量发展的有效途径。文章运用""三位一体""的教育供给侧改革框架,对当前教育供给侧改革的典型案例进行分析,提炼出教育供给侧改革破解当前教育两大主要矛盾的解决路径,并探讨互联网技术对促进教育供给侧改革所起的作用。","教育供给侧改革;
                  ",10.13811/j.cnki.eer.2020.04.006,G434,"
  中国学术期刊网络出版总库
          共14条
        
  
    [1]“互联网+在地化”:乡村学校教学质量提升的实践研究[J]. 田俊,王继新,王萱.&nbsp&nbsp中国电化教育.
         2019(10)
        
    [2]深化教育领域“放管服”改革,加快推进教育治理现代化[J]. 周洪宇.&nbsp&nbsp教育研究.
         2019(03)
        
    [3]教育公平话语中的教育假设及其反思[J]. 石中英,霍少波.&nbsp&nbsp国家教育行政学院学报.
         2018(06)
        
    [4]从教学创新到组织模式、服务模式创新——论两类MOOCs创新及其对终身教育体系建设的意义[J]. 林世员.&nbsp&nbsp开放学习研究.
         2018(02)
        
    [5]中国教育发展方式的转变:路径选择与内生发展[J]. 褚宏启.&nbsp&nbsp华东师范大学学报(教育科学版).
         2018(01)
        
    [6]个性化教育公共服务模式的新探索——“双师服务”实施路径探究[J]. 陈玲,余胜泉,杨丹.&nbsp&nbsp中国电化教育.
         2017(07)
        
    [7]“互联网+”时代的教育供给转型与变革[J]. 余胜泉,汪晓凤.&nbsp&nbsp开放教育研究.
         2017(01)
        
    [8]信息技术促进教育公平整体推进策略的转移逻辑[J]. 熊才平,丁继红,葛军,胡萍.&nbsp&nbsp教育研究.
         2016(11)
        
    [9]“全面二孩”政策与学前教育资源配置——基于未来20年适龄人口的预测[J]. 杨顺光,李玲,张兵娟,殷新.&nbsp&nbsp学前教育研究.
         2016(08)
        
    [10]“互联网+教育”的创新本质与变革趋势[J]. 陈丽.&nbsp&nbsp远程教育杂志.
         2016(04)
        
  
  
          nEnable=1;
          ShowPage('14','CJFQ','Mark');
        

  中国优秀硕士学位论文全文数据库
          共1条
        
  
    [1]陕西省农村中小学现代远程教育工程资源应用的现状与策略研究[D]. 卢燕.陕西师范大学 2011
  

  中国重要报纸全文数据库
          共1条
        
  
    [1]校外培训效果如何？家长满意度仅25.8%[N].  
    苏青,王锋.&nbsp&nbsp苏州日报.
      2018
          (A03)
        
  
"
,CJFD,DHJY202004007,CJFDAUTO,CJFD,0,DHJY,2020,04,CJFD,CJFDAUTO,2,180.0,kns.cnki.net,0.3002033233642578,人机共生:人工智能时代及其教育的发展趋势,张学军 董晓辉,西北师范大学教育技术学院,"教育革命随着时代的进步而发展,人工智能时代需要开展与其相适应的教育革命。在这场教育革命中,需要培养学生与人工智能交往的能力,而培养这种能力的一个前提条件是人类不但要重新认识自己,更要重新认识人工智能,重新认识人与机器的关系。文章首先阐述了人工智能与人的优势与不足,然后提出了人机共生是人工智能时代的应然选择的观点,并从人机共生的理论基础、人工智能时代的发展趋势等视角进行了阐述。在此基础上,从""人机共教""、教师如何学为人师、学生如何学习、智慧教育、教育如何面对人工智能带来的伦理问题等角度,论述了人机共生理念下人工智能时代教育的发展趋势。","人工智能时代;
                  ",10.13811/j.cnki.eer.2020.04.005,G434,"
  中国学术期刊网络出版总库
          共27条
        
  
    [1]人工智能本科人才培养的美国经验与启示——以卡内基梅隆大学为例[J]. 季波,李魏,吕薇,张艳丽.&nbsp&nbsp高等工程教育研究.
         2019(06)
        
    [2]基于“人性结构”理论的AI助教系统模型研究[J]. 杨彦军,罗吴淑婷,童慧.&nbsp&nbsp电化教育研究.
         2019(11)
        
    [3]论智能时代的人—机合作式学习[J]. 王竹立.&nbsp&nbsp电化教育研究.
         2019(09)
        
    [4]智能教育时代下人工智能伦理的内涵与建构原则[J]. 杜静,黄荣怀,李政璇,周伟,田阳.&nbsp&nbsp电化教育研究.
         2019(07)
        
    [5]人工智能教育应用的逻辑起点与边界——以知识学习为例[J]. 宋灵青,许林.&nbsp&nbsp中国电化教育.
         2019(06)
        
    [6]规划人工智能时代的教育:引领与跨越——解读国际人工智能与教育大会成果文件《北京共识》[J]. 张慧,黄荣怀,李冀红,尹霞雨.&nbsp&nbsp现代远程教育研究.
         2019(03)
        
    [7]关于人工智能的政治哲学批判[J]. 王志强.&nbsp&nbsp自然辩证法通讯.
         2019(06)
        
    [8]“AI+教师”的协作路径发展分析[J]. 余胜泉,王琦.&nbsp&nbsp电化教育研究.
         2019(04)
        
    [9]人工智能教育机器人支持下的新型“双师课堂”研究——兼论“人机协同”教学设计与未来展望[J]. 汪时冲,方海光,张鸽,马涛.&nbsp&nbsp远程教育杂志.
         2019(02)
        
    [10]在人工智能时代如何学为人师?[J]. 项贤明.&nbsp&nbsp中国教育学刊.
         2019(03)
        
  
  
          nEnable=1;
          ShowPage('27','CJFQ','Mark');
        

  中国图书全文数据库
          共5条
        
  
     [1]人工智能[M].  
    文化发展出版社有限公司
    ,  
    李开复, 
    2017
     [2]人工智能时代的教育革命[M].  
    北京联合出版公司
    ,  
    王作冰, 
    2017
     [3]人机共生[M].  
    浙江人民出版社
    ,  
    托马斯·达文波特, 
    2017
     [4]金融共生理论与城市商业银行改革[M].  
    商务印书馆
    ,  
    袁纯清著, 
    2002
     [5]计算机不能做什么[M].  
    三联书店
    ,  
    [美国]德雷福斯(Dreyfus,H·L) 著, 
    1986
  

  国际期刊数据库
          共1条
        
  
    [1]Computing Machines Can’t Be Intelligent (...and Turing Said So)[J] .   
    Peter Kugel.&nbsp&nbspMinds and Machines .      
    2002
      (4)
    
  

  外文题录数据库
          共2条
        
  
    
          [1]
        Man-Computer Symbiosis.
         Licklider,J. C. R. Human Factors in Electronics, IRE Transactions on
        . 1960
    
          [2]
        Artificial Intelligence: Cooperative Computation and Man-Machine Symbiosis.
         M. A. Arbib. IEEE Transactions on Computers
        . 1976
  
"
,CJFD,DHJY202004003,CJFDAUTO,CJFD,0,DHJY,2020,04,CJFD,CJFDAUTO,2,180.0,kns.cnki.net,0.2518777847290039,大规模社会化协同的教育服务变革,余胜泉 汪丹 王琦,北京师范大学未来教育高精尖创新中心,"新冠肺炎疫情期间的特殊教育需求加速了大规模社会化协同的教育服务新业态的形成,文章阐述了大规模社会化协同的教育服务形态带来的教师的社会性变革方向,并从联通主义视角,提出新的教育形态下亟待解决的两个关键问题,即关键知识节点和关键人际节点的适配机制,以及外部认知节点的信任保障机制,并提出利用社会知识网络技术解决这两个关键问题的思路。在此基础上,阐述新的教育服务形态下,学校组织形态面临的开放挑战,提出构建基于大规模社会化协同的开放教育服务生态体系的思路。","社会化协同;
                  ",10.13811/j.cnki.eer.2020.04.001,G434;G521,"
  中国学术期刊网络出版总库
          共14条
        
  
    [1]“互联网+教育”的知识观:知识回归与知识进化[J]. 陈丽,逯行,郑勤华.&nbsp&nbsp中国远程教育.
         2019(07)
        
    [2]人工智能教师的未来角色[J]. 余胜泉.&nbsp&nbsp开放教育研究.
         2018(01)
        
    [3]本体可视化构建与进化系统的设计和架构[J]. 王琦,周紫云,丁国柱,余胜泉.&nbsp&nbsp电化教育研究.
         2018(02)
        
    [4]基于学习元的双螺旋深度学习模型[J]. 余胜泉,段金菊,崔京菁.&nbsp&nbsp现代远程教育研究.
         2017(06)
        
    [5]关于班级的多维逻辑分析及其对走班制改革的启示[J]. 李娜.&nbsp&nbsp中国教育学刊.
         2017(11)
        
    [6]个性化教育公共服务模式的新探索——“双师服务”实施路径探究[J]. 陈玲,余胜泉,杨丹.&nbsp&nbsp中国电化教育.
         2017(07)
        
    [7]“互联网+教育”的变革路径[J]. 余胜泉,王阿习.&nbsp&nbsp中国电化教育.
         2016(10)
        
    [8]基于社会性知识网络的学习模型构建[J]. 段金菊,余胜泉.&nbsp&nbsp现代远程教育研究.
         2016(04)
        
    [9]教师走网:移动互联时代教师流动的新取向[J]. 赵兴龙,李奕.&nbsp&nbsp教育研究.
         2016(04)
        
    [10]基于信任网络的C2C电子商务信任算法[J]. 甘早斌,曾灿,马尧,鲁宏伟.&nbsp&nbsp软件学报.
         2015(08)
        
  
  
          nEnable=1;
          ShowPage('14','CJFQ','Mark');
        
"
,CJFD,DHJY202004002,CJFDAUTO,CJFD,0,DHJY,2020,04,CJFD,CJFDAUTO,2,180.0,kns.cnki.net,0.2182323932647705,第二届“南国农信息化教育奖”个人成就奖、杰出贡献奖评选结果公告,,南国农信息化教育发展基金管理委员会,"<正>南国农信息化教育发展基金旨在继承与弘扬南国农先生献身教育信息化事业的精神,促进中国信息化教育学科建设与事业发展。""南国农信息化教育奖""旨在奖励在信息化教育领域有杰出贡献的个人或团体。经来自全国高校、基教、企业等相关单位的几百位人员的广泛推荐,并通过第二届南国农信息化教育发展基金管理委员会认定,入围""南国农信息化教育奖""个人成就奖候选人提名的有;华南师范大学李克东教授华东师范大学祝智庭教授华南师范大学徐福荫教授内蒙古师范大学李龙教授西北师范大学郭绍青教授入围""南国农信息化教育奖""杰出贡献奖候选人提名的有:华南师范大学李克东教授清华大学程建钢研究员华东师范大学祝智庭教授华南师范大学徐福荫教授中央电化教育馆王珠珠研究员内蒙古师范大学李龙教授在通知提名候选人提交评奖材料的过程中,个人成就奖候选人祝智庭、徐福荫、郭绍青三位教授表示放弃本届个人成就奖评选资格;杰出贡献奖候选人祝智庭、徐福荫、王珠珠三位教授(研究员)表示放弃本届杰出贡献奖评选资格。",,,+,
,CJFD,DHJY202004005,CJFDAUTO,CJFD,0,DHJY,2020,04,CJFD,CJFDAUTO,2,180.0,kns.cnki.net,0.7134451866149902,人工智能时代的教师:本体、认识与价值,逯行 沈阳 曾海军 黄荣怀,北京师范大学智慧学习研究院,"人工智能时代教师角色和定义发生了变化,但技术不会取代人类教师。研究从本体论的角度切入,对人工智能时代教师本体进行重新建构,形成了由人类教师和机器导师两个子系统共同组成的""新主体教师"";从认识论的角度切入,明确了""新主体教师""运行机制,即在耗散结构作用下,通过两个子系统间协同形成机器导师与人类教师组成的""非平衡有序协作系统"";从价值论的角度切入,厘清了人工智能时代""新主体教师""发展的基本目标是实现教学活动有序、推动教学体系自治以及驱动人机协同进化。对人工智能时代""新主体教师""的建构和解构,为认识人工智能时代未来教师提供了世界观层面的指导,为促进人工智能时代教师发展提供了理论支撑。","人工智能;
                  ",10.13811/j.cnki.eer.2020.04.003,G434;G451,"
  中国学术期刊网络出版总库
          共15条
        
  
    [1]智能教育时代下人工智能伦理的内涵与建构原则[J]. 杜静,黄荣怀,李政璇,周伟,田阳.&nbsp&nbsp电化教育研究.
         2019(07)
        
    [2]规划人工智能时代的教育:引领与跨越——解读国际人工智能与教育大会成果文件《北京共识》[J]. 张慧,黄荣怀,李冀红,尹霞雨.&nbsp&nbsp现代远程教育研究.
         2019(03)
        
    [3]论教师的善性伦理及其实现[J]. 赵虹元.&nbsp&nbsp教师教育研究.
         2019(03)
        
    [4]“AI+教师”的协作路径发展分析[J]. 余胜泉,王琦.&nbsp&nbsp电化教育研究.
         2019(04)
        
    [5]基于耗散结构系统熵模型的乡村生产空间系统有序性研究[J]. 王成,周明茗,李颢颖,何焱洲,马小苏.&nbsp&nbsp地理研究.
         2019(03)
        
    [6]跨语境的“自治”概念——西方·日本·中国[J]. 黄东兰.&nbsp&nbsp江海学刊.
         2019(01)
        
    [7]人工智能时代教师专业发展特质的新定位[J]. 李栋.&nbsp&nbsp中国教育学刊.
         2018(09)
        
    [8]人工智能教师的未来角色[J]. 余胜泉.&nbsp&nbsp开放教育研究.
         2018(01)
        
    [9]教师尊严:教育伦理建构的原点[J]. 彭海霞,李金和.&nbsp&nbsp教育科学研究.
         2017(05)
        
    [10]“电教百年”回眸——继承电化教育优良传统  开创教育技术辉煌未来[J]. 李龙.&nbsp&nbsp中国电化教育.
         2012(03)
        
  
  
          nEnable=1;
          ShowPage('15','CJFQ','Mark');
        

  中国图书全文数据库
          共2条
        
  
     [1]技术元素[M].  
    电子工业出版社
    ,  
    (美) 凯利 (Kelly, 
    2012
     [2]协同论[M].  
    山西经济出版社
    ,  
    郭治安,沈小峰编著, 
    1991
  

  国际期刊数据库
          共2条
        
  
    [1]I, teacher: using artificial intelligence (AI) and social robots in communication and instruction<xref ref-type=""fn"" rid=""FN0000""/>[J] .   
    Chad Edwards,Autumn Edwards,Patric R. Spence,Xialing Lin.&nbsp&nbspCommunication Education .      
    2018
      (4)
    
    [2]A Robot That Communicates With Vocal Fillers Has … Uhhh … Greater Social Presence[J] .   
    Goble,Edwards.&nbsp&nbspCommunication Research Reports .      
    2018
      (3)
    
  
"
,CJFD,DHJY202004004,CJFDAUTO,CJFD,0,DHJY,2020,04,CJFD,CJFDAUTO,2,180.0,kns.cnki.net,0.7274153232574463,"后疫情时代,教育应如何转型?",王竹立,中山大学教师发展中心,"新型冠状病毒肺炎疫情给教育带来深远影响,我国即将率先进入""后疫情时代""。今天教育遭遇了三大""认知门槛""。后疫情时代对教育教学带来诸多挑战,同时也带来新的机遇,教育变革的必要性和迫切性再一次凸显。未来,学校教育应从教学生读书为主向读""网""为主转变,从传授硬知识为主向师生共同建构软知识为主转变;教育评价应从学习输入评价为主向学习输出评价为主转变;教学管理应从刚性管理、层级化管理向弹性管理、扁平化管理转变。应着手探索建立面向未来的新型教育教学体系,这个新型的教育教学体系可考虑以在线教育企业、学校和教育行政部门三方联盟的形式构建。","后疫情时代;
                  ",10.13811/j.cnki.eer.2020.04.002,G434;G521,"
  中国学术期刊网络出版总库
          共15条
        
  
    [1]大学毕业生就业质量的影响因素及路径分析[J]. 彭正霞,陆根书,李丽洁.&nbsp&nbsp中国高教研究.
         2020(01)
        
    [2]小微企业发展中存在问题及对策研究[J]. 高学功.&nbsp&nbsp商场现代化.
         2019(20)
        
    [3]新知识观:重塑面向智能时代的教与学[J]. 王竹立.&nbsp&nbsp华东师范大学学报(教育科学版).
         2019(05)
        
    [4]论智能时代的人—机合作式学习[J]. 王竹立.&nbsp&nbsp电化教育研究.
         2019(09)
        
    [5]再论面向智能时代的新知识观——与何克抗教授商榷[J]. 王竹立.&nbsp&nbsp远程教育杂志.
         2019(02)
        
    [6]面向智能时代的知识观与学习观新论[J]. 王竹立.&nbsp&nbsp远程教育杂志.
         2017(03)
        
    [7]“互联网+教育”意味着什么[J]. 王竹立.&nbsp&nbsp今日教育.
         2015(05)
        
    [8]包容性思维:网络时代学习的一种新思维方法[J]. 王竹立.&nbsp&nbsp开放教育研究.
         2014(06)
        
    [9]新建构主义教学法初探[J]. 王竹立.&nbsp&nbsp现代教育技术.
         2014(05)
        
    [10]零存整取:网络时代的学习策略[J]. 王竹立.&nbsp&nbsp远程教育杂志.
         2013(03)
        
  
  
          nEnable=1;
          ShowPage('15','CJFQ','Mark');
        

  中国图书全文数据库
          共1条
        
  
     [1]守夜人的钟声[M].  
    中信出版社
    ,  
    丽贝卡·D·科斯塔, 
    2017
  
"
,CJFD,DHJY202004019,CJFDAUTO,CJFD,0,DHJY,2020,04,CJFD,CJFDAUTO,2,180.0,kns.cnki.net,0.8070127964019775,学校首席信息官(CIO)制度框架及建设路径研究,张养力 吴琼,四川师范大学计算机科学学院 西南民族大学电气信息工程学院,"施行学校首席信息官(CIO)制度对于建立健全教育信息化可持续发展机制具有重要意义。当前人们对于学校CIO制度究竟要""建什么""和""如何建""两大基本问题的认识还不够清楚。因此,有必要从制度构建视角对学校CIO制度进行深入分析和研究。首先,研究在考察各学科有关制度认识内在一致性的基础上,对学校CIO制度进行本质把握和操作性定义;其次,整合相关基础性要素构建了学校CIO制度框架,并对制度要素进行逐一剖析;最后,提出了学校CIO制度的建设路径。研究认为:(1)学校CIO制度是为了实现学校教育信息化战略目标而形成的,以CIO职位为核心的信息化组织架构以及相关运行标准和规范。(2)完整的学校CIO制度框架分为目标层、核心层、基础层三个层次,包括制度目的、CIO职位、信息化组织机构、相关运行机制、信息化文化与认知等要素。(3)唤醒制度自觉、树立制度自信、坚持制度理性、培育制度文化是做好学校CIO制度建设的有效路径。","教育信息化;
                  ",10.13811/j.cnki.eer.2020.04.017,G434,"
  中国学术期刊网络出版总库
          共18条
        
  
    [1]美国高校CIO体制的发展现状及其启示——基于我国104所研究型大学信息化体制的调研分析[J]. 赵鑫,陈强,尹霞.&nbsp&nbsp现代教育技术.
         2019(11)
        
    [2]大数据时代的信息文化研究——从信息、技术和人的角度解析[J]. 周耀林,吴化.&nbsp&nbsp现代情报.
         2019(08)
        
    [3]教育领域首席信息官能力指标体系构建[J]. 刘名卓,王永玲,徐晓波.&nbsp&nbsp开放教育研究.
         2018(06)
        
    [4]国家治理视角下制度理性意蕴及其价值探寻[J]. 赵浩华.&nbsp&nbsp行政论坛.
         2018(05)
        
    [5]组织内协调机制选择与议事协调机构生存逻辑——一个组织理论的解释[J]. 胡业飞.&nbsp&nbsp公共管理学报.
         2018(03)
        
    [6]中小学信息化主管胜任特征模型构建研究[J]. 张阔,张养力.&nbsp&nbsp电化教育研究.
         2018(06)
        
    [7]以信息化全面推动教育现代化:教育技术学专业的历史担当[J]. 杨宗凯.&nbsp&nbsp电化教育研究.
         2018(01)
        
    [8]以制度自觉支撑制度自信[J]. 邓友超.&nbsp&nbsp中国高等教育.
         2017(19)
        
    [9]现代教育治理视域下高校信息化建设推进机制研究[J]. 田生湖,赵学敏.&nbsp&nbsp电化教育研究.
         2017(06)
        
    [10]学校信息化主管的素质结构和实践模式研究[J]. 张家年,孙祯祥.&nbsp&nbsp现代教育技术.
         2013(06)
        
  
  
          nEnable=1;
          ShowPage('18','CJFQ','Mark');
        

  中国图书全文数据库
          共3条
        
  
     [1]管理学[M].  
    高等教育出版社
    ,  
    周三多, 
    2010
     [2]制度与组织[M].  
    中国人民大学出版社
    ,  
    (美) 斯科特, 
    2010
     [3]工业管理与一般管理[M].  
    中国社会科学出版社
    ,  
    (法)H.法约尔(HenriFayol)著, 
    1998
  
"
,CJFD,DHJY202004016,CJFDAUTO,CJFD,0,DHJY,2020,04,CJFD,CJFDAUTO,2,180.0,kns.cnki.net,0.7345595359802246,政府购买服务视域下教育信息化服务现状与发展建议,刘名卓 李昊森 童琳 王汩才,华东师范大学开放教育学院 华东师范大学教育信息技术学系 山东省诸城第一中学,"近几年,我国政府加大了向社会力量购买教育信息化服务的力度,鼓励与吸引更多有资质的企业或机构参与到教育信息化服务工作中来,共同促进教育信息化服务的供给侧改革。研究采用文献分析与问卷调查法,针对购买了教育信息化服务区域学校的教育信息化管理者和教师进行了调研,以期管窥当前我国教育信息化服务现状和面临的挑战。调研发现:(1)政府购买服务时大多主要基于""功能驱动型""理念,重功能而轻服务,重购买行为本身而对购买后的支持服务重视不足;(2)部分服务条件还有待加强与完善,还不能完全满足师生的教育教学需求;(3)服务手段单一,政府、学校和师生间还未形成一种成熟的服务业态,对各利益主体的职责、定位、合作机制等还缺乏深入研究;(4)第三方服务在服务质量的所有维度上都没有达到教师的期望值。文章针对这些问题和发现提出了相应建议。","教育信息化;
                  ",10.13811/j.cnki.eer.2020.04.014,G434,"
  中国学术期刊网络出版总库
          共10条
        
  
    [1]推进教育信息化2.0需要处理好十个关系[J]. 任友群,万昆,赵健.&nbsp&nbsp现代远程教育研究.
         2018(06)
        
    [2]教育信息化服务类企业的现状调研与发展建议[J]. 刘名卓.&nbsp&nbsp现代远程教育研究.
         2018(06)
        
    [3]教育信息化服务供给的转型方向与实施路径[J]. 郑旭东,任友群.&nbsp&nbsp教育研究.
         2018(08)
        
    [4]教育信息化服务标准体系框架研究[J]. 刘名卓,祝智庭,童琳.&nbsp&nbsp现代远距离教育.
         2018(04)
        
    [5]基于CIPP评估模型的教师远程培训质量评估:一项案例研究[J]. 李宝敏,闫寒冰.&nbsp&nbsp教育发展研究.
         2017(18)
        
    [6]教育信息化融入基本公共教育服务的理念与途径——以北京市为例[J]. 李奕,宫辉力.&nbsp&nbsp中国教育学刊.
         2013(08)
        
    [7]智慧教育:教育信息化的新境界[J]. 祝智庭,贺斌.&nbsp&nbsp电化教育研究.
         2012(12)
        
    [8]城市社区建设中的政府购买公共服务研究——以上海市为例[J]. 郑卫东.&nbsp&nbsp云南财经大学学报.
         2011(01)
        
    [9]基于联盟的教育信息化服务主体协同机制与策略[J]. 林君芬.&nbsp&nbsp中国电化教育.
         2010(06)
        
    [10]创造学生和教师的精神生命活动的信息化环境——教育信息化的“生命环境观”[J]. 黎加厚.&nbsp&nbsp电化教育研究.
         2002(02)
        
  

  中国图书全文数据库
          共1条
        
  
     [1]政府向社会组织购买公共服务研究[M].  
    北京大学出版社
    ,  
    王浦劬, 
    2010
  

  外文题录数据库
          共1条
        
  
    
          [1]
        Refinement and Reassessment of the SERVQUAL Scale.
         Parasuraman A,Zeithaml V A,Berry L L. Journal of Retailing
        . 1991
  
"
,CJFD,DHJY202004014,CJFDAUTO,CJFD,0,DHJY,2020,04,CJFD,CJFDAUTO,2,180.0,kns.cnki.net,0.7020299434661865,教师对高中信息技术新课标的认知调查报告——不同课程模块的差异分析,司秋菊 钟柏昌,南京师范大学教育科学学院 华南师范大学教育信息技术学院,"《普通高中信息技术课程标准(2017年版)》(简称""新课标"")发布已一年有余,相比老课标,其所呈现的教育理念、课程内容、教学方法均发生了较大变化。为厘清教师对新课标的认知情况及实施新课标的条件状况,文章构建了高中信息技术教师对新课标的认知调查问卷,从教师的兴趣态度、感知的能力基础、学校的硬件设施条件和师资条件、模块开设意向四个维度对江苏、海南、浙江、天津的高中信息技术教师进行了问卷调查。研究发现:教师对新课标中各模块的认知情况存在显著差异;师资欠缺、硬件配备不到位是影响模块开设率的最大因素。新课标的有效实施需要多主体协作探索条件建设的系统方案,尤其需要关注师资和硬件的条件建设问题,从国家发展战略的角度正确认识信息技术课程的教育价值,为课程实施提供相应的制度保障。","高中信息技术课程标准;
                  ",10.13811/j.cnki.eer.2020.04.012,G434;G633.67,"
  中国学术期刊网络出版总库
          共11条
        
  
    [1]创客教育究竟是什么——从政策文本、学术观点到狭义创客教育定义[J]. 钟柏昌.&nbsp&nbsp电化教育研究.
         2019(05)
        
    [2]高中信息技术必修课实验与实验室建设探索[J]. 钟柏昌.&nbsp&nbsp中国电化教育.
         2019(03)
        
    [3]新课标,新挑战,新机遇[J]. 魏雄鹰.&nbsp&nbsp中国信息技术教育.
         2018(05)
        
    [4]创客教育的现在与未来[J]. 钟柏昌,张禄,王艳霞.&nbsp&nbsp人民教育.
         2018(05)
        
    [5]信息技术与教学深度融合的动力逻辑与推进路径研究[J]. 王正青,唐晓玲.&nbsp&nbsp电化教育研究.
         2017(01)
        
    [6]高中信息技术课程实施中的问题与新课标的考量[J]. 肖广德,黄荣怀.&nbsp&nbsp中国电化教育.
         2016(12)
        
    [7]四川省普通高中信息技术课程现状及相关思考——从调研数据看信息技术课程的改革[J]. 李维明,李金洲.&nbsp&nbsp中国信息技术教育.
         2015(21)
        
    [8]《普通高中信息技术课程标准》实施情况调研结果与启示[J]. 肖广德,郭芳,樊磊,黄荣怀.&nbsp&nbsp课程.教材.教法.
         2014(01)
        
    [9]中国中小学教师专业发展状况调查与政策分析报告[J]. ""全国中小学教师专业发展状况调查""项目组,丁钢,陈莲俊,孙玫璐.&nbsp&nbsp教育研究.
         2011(03)
        
    [10]新课标下的高师“信息技术教学法”课程教学实践探索[J]. 于素云.&nbsp&nbsp电化教育研究.
         2008(12)
        
  
  
          nEnable=1;
          ShowPage('11','CJFQ','Mark');
        
"
,CJFD,DHJY202004011,CJFDAUTO,CJFD,0,DHJY,2020,04,CJFD,CJFDAUTO,2,180.0,kns.cnki.net,0.23537015914916992,人工智能支持下教育知识图谱模型构建研究,钟卓 唐烨伟 钟绍春 赵一婷,东北师范大学信息科学与技术学院 教育部数字化学习支撑技术工程研究中心,"领域模型作为构建自适应学习系统的核心组件,引起了研究者的广泛关注。文章针对现有教育领域模型知识内容分散、能力刻画不足的问题,提出了能够建立知识、问题、能力三者间映射关系的教育知识图谱KQA模型。该模型由知识图式、问题图式、能力图式三层图式和知识内容、关联关系、映射关系、学习路径四个要素组成。利用基于机器学习的实体抽取、关系抽取、实体对齐等方法,从数据获取、知识抽取、知识融合、知识推理四个方面,提出了教育知识图谱KQA模型的构建方法。研究为知识图谱在教育领域的应用提供依据,对个性化学习的开展具有重要意义。","人工智能;
                  ",10.13811/j.cnki.eer.2020.04.009,G434,"
  中国学术期刊网络出版总库
          共24条
        
  
    [1]教育知识图谱的概念模型与构建方法研究[J]. 李振,周东岱.&nbsp&nbsp电化教育研究.
         2019(08)
        
    [2]“人工智能+”视域下的教育知识图谱:内涵、技术框架与应用研究[J]. 李振,周东岱,王勇.&nbsp&nbsp远程教育杂志.
         2019(04)
        
    [3]知识图谱研究综述[J]. 黄恒琪,于娟,廖晓,席运江.&nbsp&nbsp计算机系统应用.
         2019(06)
        
    [4]构建信息时代教育新模式[J]. 钟绍春.&nbsp&nbsp电化教育研究.
         2019(04)
        
    [5]基于人工智能的育人助理系统——“AI好老师”的体系结构与功能[J]. 余胜泉,彭燕,卢宇.&nbsp&nbsp开放教育研究.
         2019(01)
        
    [6]区域性教育大数据总体架构与应用模型[J]. 余胜泉,李晓庆.&nbsp&nbsp中国电化教育.
         2019(01)
        
    [7]深度学习动机、策略与高阶思维能力关系模型构建研究[J]. 王靖,崔鑫.&nbsp&nbsp远程教育杂志.
         2018(06)
        
    [8]人工智能时代教育创新发展的方向与路径研究[J]. 钟绍春,唐烨伟.&nbsp&nbsp电化教育研究.
         2018(10)
        
    [9]智慧教育的关键问题思考及建议[J]. 钟绍春,唐烨伟,王春晖.&nbsp&nbsp中国电化教育.
         2018(01)
        
    [10]智慧课堂的“动态”学习路径设计研究[J]. 赵琳,解月光,杨鑫,贾云,张琢.&nbsp&nbsp中国电化教育.
         2017(11)
        
  
  
          nEnable=1;
          ShowPage('24','CJFQ','Mark');
        

  中国博士学位论文全文数据库
          共2条
        
  
    [1]互联网人物摘要知识图谱构建方法研究[D]. 魏玉良.哈尔滨工业大学 2019
    [2]自适应学习系统支持模型与实现机制研究[D]. 姜强.东北师范大学 2012
  

  中国图书全文数据库
          共1条
        
  
     [1]学习、教学和评估的分类学[M].  
    华东师范大学出版社
    ,  
    皮连生, 
    2007
  

  国际期刊数据库
          共3条
        
  
    [1]A new personalized learning path generation method: ACO-Map[J] .   
    Ahmad A. Kardan,Molood Ale Ebrahim,Maryam Bahojb Imani.&nbsp&nbspIndian Journal of Scientific Research .      
    2014
      (1)
    
    [2]Knowledge maps for e-learning[J] .   
    Jae Hwa Lee,Aviv Segev.&nbsp&nbspComputers & Education .      
    2012
      (2)
    
    [3]Building the knowledge map: an industrial case study[J] .   
    Suyeon Kim,Euiho Suh,Hyunseok Hwang.&nbsp&nbspJournal of Knowledge Management .      
    2003
      (2)
    
  

  外文题录数据库
          共5条
        
  
    
          [1]
        Learning How to Learn.
         Nova JD,Gowin DB. 
        . 1984
    
          [2]
        Problems and issues in the use of concept maps in science assessment.
         Maria Araceli Ruiz-Primo,Richard J Shavelson. Journal of Research in Science Teaching
        . 1996
    
          [3]
        How do graphics presented during college biology affect students learning?.
         Trowbridge,J.E,Wandersee,J.H. Journal of College Science Teaching
        . 1996
    
          [4]
        SemSearch:A Search Engine for the Semantic Web.
         Lei Yuangui,Uren V,Motta E. Lecture Notes in Computer Science
        . 2006
    
          [5]
        Effects of mobile learning time on students’’conception of collaboration, communication, complex problemsolving, meta-cognitive awareness and creativity.
         LAI C L,HWANG G J. 
        . 2014
  
"
,CJFD,DHJY202004017,CJFDAUTO,CJFD,0,DHJY,2020,04,CJFD,CJFDAUTO,2,180.0,kns.cnki.net,1.2575409412384033,小学教师信息化领导行为影响因素与形成路径研究,李运福,西安交通大学中国西部高等教育评估中心,"为探究""互联网+""时代文化生态取向下教师常态化专业发展路径,本研究聚焦小学教师,以自我决定理论为指导,以知识分享动机、技术应用效能感、人际关系为观测点,从自主需要、胜任需要、关系需要的多维视角对小学教师信息化领导行为的影响因素及形成路径进行了探讨。研究结果显示:知识分享动机对小学教师信息化领导行为具有正向预测效应,但未达到统计学显著水平;技术应用效能感对小学教师信息化领导行为具有正向预测效应,且达到统计学显著水平;人际关系对小学教师信息化领导行为具有较为微弱的正向预测效应;积极人际关系是小学教师信息化领导行为发生的基础保障,知识分享动机是动力保障,技术应用效能感是条件保障。","小学教师;
                  ",10.13811/j.cnki.eer.2020.04.015,G434;G625.1,"
  中国学术期刊网络出版总库
          共11条
        
  
    [1]基于自我决定理论的工作动机研究脉络及未来走向[J]. 张春虎.&nbsp&nbsp心理科学进展.
         2019(08)
        
    [2]基于“泛在互联”视角的教师信息化领导力研究[J]. 李运福.&nbsp&nbsp渭南师范学院学报.
         2018(10)
        
    [3]企业内知识关系与知识转移——知识共享动机的双因素理论调节效应分析[J]. 李凯,祝智庭.&nbsp&nbsp求是学刊.
         2017(03)
        
    [4]基于大数据分析的O2O教师培训模式研究——对“互联网+”教师培训的初步思考[J]. 李运福,杨晓宏.&nbsp&nbsp中国电化教育.
         2016(12)
        
    [5]“Teacherpreneurs”分析及其对我国教师信息化领导力研究与实践的启示[J]. 李运福,王斐.&nbsp&nbsp电化教育研究.
         2016(11)
        
    [6]教师信息化领导力:内涵与价值分析[J]. 李运福,王斐.&nbsp&nbsp基础教育.
         2016(04)
        
    [7]教师信息化领导力的概念、内涵与理论模型[J]. 孙祯祥,张玉茹.&nbsp&nbsp现代远程教育研究.
         2015(01)
        
    [8]正式与非正式的教师领导对教师专业发展的影响[J]. 陈峥,卢乃桂.&nbsp&nbsp教师教育研究.
         2010(01)
        
    [9]赋权予教师:教师专业发展中的教师领导[J]. 卢乃桂,陈峥.&nbsp&nbsp教师教育研究.
         2007(04)
        
    [10]学校课程领导、组织文化与教师专业发展关系的研究——以中国大陆教研组为例[J]. 林一钢,何强.&nbsp&nbsp江西教育科研.
         2005(07)
        
  
  
          nEnable=1;
          ShowPage('11','CJFQ','Mark');
        

  中国图书全文数据库
          共2条
        
  
     [1]AMOS与研究方法[M].  
    重庆大学出版社
    ,  
    荣泰生, 
    2010
     [2]领导力[M].  
    电子工业出版社
    ,  
    (美) 库泽斯 (Kouzes, 
    2009
  

  外文题录数据库
          共6条
        
  
    
          [1]
        Self-determination theory and work motivation.
         Gagne’’, M,Deci, E. L. Journal of Organ Dysfunction
        . 2005
    
          [2]
        The Coming Age of the Teacherpreneur.
         Barnett Berry&the Teacher Solutions 2030 Team. http//www.edweek.org/tsb/articles/2010/10/12/01teacherpreneur.h04.html
        . 2010
    
          [3]
        Teacher leader model standards.
          http://www.teacherleaderstandards.org/
        . 2019
    
          [4]
        Teacher leadership competencies.
          https://www.teacherleadershipinstitute.org/competencies/foundationalleadership-competencies-diversity-equity-and-cultural-competence/
        . 2019
    
          [5]
        The role of technology self-efficiency on technology product acceptance and usage:a study on chinese older people.
         PAN J,DONG H,NING W. International Conference on Human Aspects of It for the Aged Population
        . 2016
    
          [6]
        Designing technology for older people–the role of technical self-confidence in usability of an inclusive heating control.
         COMBE N,HARRISON D,DONG H. Design,user experience,and usability. User experience in novel technological environments
        . 2013
  
"
,CJFD,DHJY202004009,CJFDAUTO,CJFD,0,DHJY,2020,04,CJFD,CJFDAUTO,2,180.0,kns.cnki.net,0.2822437286376953,融入课程质量的在线学习成果认证区块链模型及实现机理研究,梁青青 张刚要,南京邮电大学教育科学与技术学院,"推进在线学习成果认证平台建设有助于构建终身教育体系,加快学习型社会建设。文章通过对比国内外相关研究工作的优缺点,基于区块链技术设计了一种融入课程质量的在线学习成果认证模型,即基于课程质量和在线学习成果的双向考核标准的区块链模型。该模型使用""主从多链""的架构实现数据的分类存储,减少区块信息的冗余量,促进在线学习成果与课程质量的双向评价,解决了课程质量评价缺席而导致认证结果公平性和可信度不高的问题。同时,基于变色龙哈希技术实现区块链网络中部分信息的可更改性,消除了数据不可篡改而带来的系统灵活性不佳的弊端,进一步拓展了区块链技术在学习成果认证方面的应用深度。","区块链;
                  ",10.13811/j.cnki.eer.2020.04.007,G434;TP311.13-4,"
  中国学术期刊网络出版总库
          共14条
        
  
    [1]面向开放学习成果的微认证：概念理解与运作体系[J]. 汪维富,闫寒冰.&nbsp&nbsp电化教育研究.
         2020(01)
        
    [2]基于联盟链的学习数据存储系统研究[J]. 杨兵,罗汪旸,姜庆,朱晓钢,郭强.&nbsp&nbsp现代教育技术.
         2019(08)
        
    [3]国家学分银行的未来:基于区块链技术视角[J]. 黄庆平.&nbsp&nbsp中国成人教育.
         2019(01)
        
    [4]适合大群组的格基动态群签名方案[J]. 李雪莲,吕晓琳,郭利娟,高军涛.&nbsp&nbsp电子科技大学学报.
         2019(01)
        
    [5]学习成果认证与转换制度初探——以江苏开放大学实践为例[J]. 邵文莎,张璇,陈冰月.&nbsp&nbsp广西广播电视大学学报.
         2018(06)
        
    [6]可更改区块链技术研究[J]. 李佩丽,徐海霞,马添军,穆永恒.&nbsp&nbsp密码学报.
         2018(05)
        
    [7]在线开放课程学分认定:形式、问题与建议[J]. 汪基德,李博.&nbsp&nbsp开放教育研究.
         2018(05)
        
    [8]面向学分银行的区块链学习成果管控模型[J]. 黄宇翔,梁志宏,张梦迪,危兵.&nbsp&nbsp计算机工程.
         2019(05)
        
    [9]基于区块链技术的学分银行学习成果认证体系结构变更[J]. 周利平,张景韶,苏理华.&nbsp&nbsp湖北函授大学学报.
         2018(16)
        
    [10]在线学习成果认证与转换:障碍、价值与策略[J]. 胡艳芳,吴南中.&nbsp&nbsp成人教育.
         2018(08)
        
  
  
          nEnable=1;
          ShowPage('14','CJFQ','Mark');
        

  中国重要报纸全文数据库
          共2条
        
  
    [1]区块链技术发展现状及面临的挑战[N].  
    陈鹏.&nbsp&nbsp学习时报.
      2019
          (006)
        
    [2]中共中央国务院印发《中国教育现代化2035》[N].  
    &nbsp&nbsp人民日报.
      2019
          (001)
        
  

  中国图书全文数据库
          共1条
        
  
     [1]区块链实战[M].  
    清华大学出版社
    ,  
    吴为, 
    2017
  

  外文题录数据库
          共6条
        
  
    
          [1]
        The Blockchain and Kudos:A Distributed System for Educational Record,Reputation and Reward.
         Sharples M,Domingue J. European Conference on Technology Enhanced Learning
        . 2016
    
          [2]
        A distributed credit transfer educational framework based on blockchain.
         SRIVASTAVA A,BHATTACHARYA P,SINGH A, et al. 2018 Second International Conference on Advances in Computing, Control and Communication Technology (IAC3T)
        . 2018
    
          [3]
        Blockchain for education:lifelong learning passport.
         GR?THER W,KOLVENBACH S,RULAND R, et al. 
        . 2018
    
          [4]
        Connecting decentralized learning records:a blockchain based learning analytics platform.
         OCHEJA P,FLANAGAN B,OGATA H. Proceedings of International Conference on Learning Analytics and Knowledge
        . 2018
    
          [5]
        Blockchain in education.
         ALEXANDER G,CAMILLERI A F. 
        . 2017
    
          [6]
        Blockchain and the future of digital learning credential assessment and management.
         JIRGENSONS M,KAPENIEKS J. Journal of teacher education for sustainability
        . 2018
  
"
,CJFD,DHJY202004010,CJFDAUTO,CJFD,0,DHJY,2020,04,CJFD,CJFDAUTO,2,180.0,kns.cnki.net,1.2218174934387207,智能学习系统中学习习惯建模的方法研究,殷宝媛 武法提,哈尔滨师范大学教育科学学院 数字学习与教育公共服务教育部工程研究中心,"学习习惯建模是精准描绘学习者肖像的重要部分,是设计智能学习系统亟须解决的问题。然而,由于学习习惯的形成具有多源性,其应用具有多层面性,导致学习习惯测量模型具有多场景、多学段的特征,以及面向实践的理论选择的特征。基于这些特征,单一学科的方法都无法系统地解决学习习惯建模的问题,研究通过探索教育的常识性概念与学习行为数据建立关联的可行路径,采用混合式研究思路设计了一套可行的、可复用的学习习惯综合建模方法,该方法可以让研究者根据自己的研究场景来构建学习习惯测量模型,从而实现计算机的自动诊断。学习习惯综合建模方法将教育学领域的观察法和问卷调查法、心理学领域的反应频率法以及计算机领域的数据挖掘法相结合,包括测量模型维度的构建、测量模型指标的选择、模型特征值的计算、模型的生成四个过程。","智能学习系统;
                  ",10.13811/j.cnki.eer.2020.04.008,G434;TP18,"
  中国学术期刊网络出版总库
          共7条
        
  
    [1]学习习惯在线干预的原理与模型设计[J]. 殷宝媛,武法提.&nbsp&nbsp电化教育研究.
         2019(12)
        
    [2]学习习惯动力学研究范式及其创新价值[J]. 武法提,殷宝媛,黄石华.&nbsp&nbsp现代远程教育研究.
         2019(01)
        
    [3]基于教育大数据的学习习惯动力学研究框架[J]. 武法提,殷宝媛,黄石华.&nbsp&nbsp中国电化教育.
         2019(01)
        
    [4]高职学生学习习惯对学习成绩影响程度的模型分析——基于重庆市5所高职院校2027名学生样本的实证分析[J]. 刘露萍.&nbsp&nbsp西南师范大学学报(自然科学版).
         2017(07)
        
    [5]初中生学习习惯发展评价的研究[J]. 崔玲玲.&nbsp&nbsp教育测量与评价(理论版).
         2014(05)
        
    [6]小学生学习习惯问卷的编制[J]. 田澜.&nbsp&nbsp心理学探新.
         2010(05)
        
    [7]小学生学习习惯培养研究[J]. 赵丽霞.&nbsp&nbsp教育探索.
         2009(05)
        
  

  中国图书全文数据库
          共1条
        
  
     [1]给孩子一个点金指[M].  
    上海教育出版社
    ,  
    沈国珍主编, 
    2001
  

  国际期刊数据库
          共1条
        
  
    [1]Mining theory-based patterns from Big data: Identifying self-regulated learning strategies in Massive Open Online Courses[J] .   
    Jorge Maldonado-Mahauad,Mar Pérez-Sanagustín,René F. Kizilcec,Nicolás Morales,Jorge Munoz-Gama.&nbsp&nbspComputers in Human Behavior .      
    2018
  

  外文题录数据库
          共5条
        
  
    
          [1]
        Automatic detection of bad programming habits in scratch:A preliminary study.
         Moreno J,Robles G. Frontiers in Education Conference
        . 2015
    
          [2]
        Socialized Personality, Scholastic Aptitudes, Study Habits, andAcademic Achievement: Exploring the Link.
         Anton Aluja,Angel Blanch. European Journal
        . 2004
    
          [3]
        Habit and intention in everyday life:the multiple processes by which past behavior predicts future behavior.
         OUELLETTE J A,WOOD W. Psychological Bulletin
        . 1998
    
          [4]
        Analyzing the Effect of Learning Styles and Study Habits of Distance Learners on Learning Performances:A Case of an Introductory Programming Course.
         ?akiroglu,ünal. International Review of Research in Open&Distance Learning
        . 2014
    
          [5]
        Meaning and values in test validation: The science and ethics of assessment.
         Messick,S. Educational Research
        . 1989
  
"
,CJFD,DHJY202004012,CJFDAUTO,CJFD,0,DHJY,2020,04,CJFD,CJFDAUTO,2,180.0,kns.cnki.net,1.2614600658416748,面向即时数据采集与分析的学习投入纵向研究——基于经验取样法与交叉滞后分析的综合应用,马志强 岳芸竹,江南大学教育信息化研究中心,"在在线与混合式学习投入研究中,如何采集学习过程中产生的即时投入数据,刻画不同群体的投入特征,探索认知、行为与情感投入之间的复杂关系是研究者面临的重要挑战。研究提出面向即时过程数据的学习投入动态分析框架,其包含即时性、持续性、多维性,并据此提出学习投入纵向研究设计思路,综合采用经验取样法、交叉滞后分析与聚类分析法对混合式学习投入进行分析。研究发现,基于认知、情感与行为子投入水平可将学习者聚类成四类群体:浅层投入、中等投入、深层投入与愉悦投入,学习者在认知、行为与情感维度的投入是不均衡的。认知、情感与行为子投入之间的预测关系很可能受到时间、学习环境等因素的影响。研究结果也进一步表明:面向即时数据采集与分析的纵向研究设计为精准刻画学习者投入特征提供有效路径,也为深入揭示学习投入子维度之间的预测关系及中介因素提供了可能。","学习投入;
                  ",10.13811/j.cnki.eer.2020.04.010,G434,"
  中国学术期刊网络出版总库
          共15条
        
  
    [1]学习投入的多模态数据表征：支撑理论、研究框架与关键技术[J]. 张琪,王红梅.&nbsp&nbsp电化教育研究.
         2019(12)
        
    [2]面向即时数据采集的经验取样法:应用、价值与展望[J]. 卢国庆,谢魁,张文超,刘清堂,张妮,梅镭.&nbsp&nbsp电化教育研究.
         2019(06)
        
    [3]网络学习空间中教师激励风格对学习投入的影响研究——SDT中内部动机的中介效应[J]. 姜强,潘星竹,赵蔚,刘红霞.&nbsp&nbsp中国电化教育.
         2018(09)
        
    [4]青少年的心理弹性及自我概念:一年跟踪的交叉滞后分析[J]. 蔡丹,王凤娟,赵佳林.&nbsp&nbsp心理科学.
         2018(04)
        
    [5]在线学习投入结构模型构建——基于结构方程模型的实证分析[J]. 尹睿,徐欢云.&nbsp&nbsp开放教育研究.
         2017(04)
        
    [6]网络学习空间中学习者学习投入的研究——网络学习行为的大数据分析[J]. 张思,刘清堂,雷诗捷,王亚如.&nbsp&nbsp中国电化教育.
         2017(04)
        
    [7]国外在线学习投入的研究进展与前瞻[J]. 尹睿,徐欢云.&nbsp&nbsp开放教育研究.
         2016(03)
        
    [8]在线学习行为投入分析框架与测量指标研究——基于LMS数据的学习分析[J]. 李爽,王增贤,喻忱,宗阳.&nbsp&nbsp开放教育研究.
         2016(02)
        
    [9]经验取样法——一种收集“真实”数据的新方法[J]. 张银普,骆南峰,石伟.&nbsp&nbsp心理科学进展.
         2016(02)
        
    [10]远程学生学习投入评价量表编制与应用[J]. 李爽,喻忱.&nbsp&nbsp开放教育研究.
         2015(06)
        
  
  
          nEnable=1;
          ShowPage('15','CJFQ','Mark');
        

  中国图书全文数据库
          共1条
        
  
     [1]从相互依赖到协同认知[M].  
    中国社会科学出版社
    ,  
    马志强, 
    2019
  

  国际期刊数据库
          共2条
        
  
    [1]Affordances of using mobile technology to support experience-sampling method in examining college students’ engagement[J] .   
    Kui Xie,Benjamin C. Heddy,Barbara A. Greene.&nbsp&nbspComputers & Education .      
    2019
    [2]Investigating student engagement in blended learning settings using experience sampling and structural equation modeling[J] .   
    Kristine C. Manwaring,Ross Larsen,Charles R. Graham,Curtis R. Henrie,Lisa R. Halverson.&nbsp&nbspThe Internet and Higher Education .      
    2017
  

  外文题录数据库
          共7条
        
  
    
          [1]
        Anexperience sampling investigation of workplaceinteractions,affective states,and employee well-being.
         Dimotakis,N,Scott,B.A,Koopman,J. Journal of Organ Dysfunction
        . 2010
    
          [2]
        Ambulatoryassessment:An innovative and promising approach forclinical psychology.
         Ebner-Priemer,U.W,Trull,T.J. European Psychologist
        . 2009
    
          [3]
        Emotional experience improves with age: evidence based on over 10 years of experience sampling.
         Carstensen Laura L,Turan Bulent,Scheibe Susanne,Ram Nilam,Ersner-Hershfield Hal,Samanez-Larkin Gregory R,Brooks Kathryn P,Nesselroade John R. Psychology and Aging
        . 2010
    
          [4]
        A person-in-context approach to student engagement in science:examining learning activities and choice.
         SCHMIDT J A,ROSENBERG J M,BEYMER P N. Journal of research in science teaching
        . 2018
    
          [5]
        The Experience Sampling Method.
         Larson,R,M. Csikszentmihalyi. New Directions for Methodology of Social and Behavioral Science
        . 1983
    
          [6]
        Why researchers should think""real-time"":a cognitive rationale.
         SCHWARZ N. 
        . 2012
    
          [7]
        The science of self-report. implications for research andpractice.
         HOORENS V,STONE A A,TURKKAN J S, et al. Experimental Psychology
        . 2003
  
"
,CJFD,DHJY202004006,CJFDAUTO,CJFD,0,DHJY,2020,04,CJFD,CJFDAUTO,2,180.0,kns.cnki.net,2.85752272605896,论人工智能时代学习方式及其学习资源特征,余亮 魏华燕 弓潇然,西南大学教育学部,"人工智能技术将对教育系统产生广泛而深远的影响,并推进教学系统的整体性变革。分析人工智能技术对教育的影响,进而明晰人工智能时代教学系统要素以及学习方式与学习资源的关系。从学习者这一核心要素出发,根据学习组织构成将学习方式分为自主—定制学习、社群—互动学习、人机—协同学习以及多人机—多元学习等四种方式。由此,进一步论述支持这四种学习方式的学习资源特征,包括支持自主—定制学习的精准性学习资源、支持社群—互动学习的交互性学习资源、支持人机—协同学习的生成性学习资源以及支持多人机—多元学习的联结性学习资源。","人工智能;
                  ",10.13811/j.cnki.eer.2020.04.004,G434,"
  中国学术期刊网络出版总库
          共18条
        
  
    [1]基于学习者画像建模的个性化学习路径规划研究[J]. 唐烨伟,茹丽娜,范佳荣,庞敬文,钟绍春.&nbsp&nbsp电化教育研究.
         2019(10)
        
    [2]任重道远:人工智能教育应用的困境与突破[J]. 郑勤华,熊潞颖,胡丹妮.&nbsp&nbsp开放教育研究.
         2019(04)
        
    [3]人工智能教育机器人支持下的新型“双师课堂”研究——兼论“人机协同”教学设计与未来展望[J]. 汪时冲,方海光,张鸽,马涛.&nbsp&nbsp远程教育杂志.
         2019(02)
        
    [4]人工智能时代教育创新发展的方向与路径研究[J]. 钟绍春,唐烨伟.&nbsp&nbsp电化教育研究.
         2018(10)
        
    [5]“互联网+”时代的师生关系构建探析[J]. 李海峰,王炜.&nbsp&nbsp中国教育学刊.
         2018(07)
        
    [6]基于学科能力分析的个性化教育服务研究——以大数据分析平台“智慧学伴”为例[J]. 李晓庆,余胜泉,杨现民,陈玲,王磊.&nbsp&nbsp现代教育技术.
         2018(04)
        
    [7]技术是如何改变教育的?——兼论人工智能对教育的影响[J]. 王竹立.&nbsp&nbsp电化教育研究.
         2018(04)
        
    [8]人工智能教师的未来角色[J]. 余胜泉.&nbsp&nbsp开放教育研究.
         2018(01)
        
    [9]面向人工智能时代的学习空间变革研究[J]. 许亚锋,高红英.&nbsp&nbsp远程教育杂志.
         2018(01)
        
    [10]大数据背景下数字教育资源服务的内涵、特征和模式[J]. 余亮,陈时见,赵彤.&nbsp&nbsp电化教育研究.
         2017(04)
        
  
  
          nEnable=1;
          ShowPage('18','CJFQ','Mark');
        

  中国图书全文数据库
          共3条
        
  
     [1]教学系统设计[M].  
    高等教育出版社
    ,  
    何克抗,林君芬,张文兰编著, 
    2006
     [2]信息化学习方式[M].  
    北京师范大学出版社
    ,  
    李芒著, 
    2006
     [3]学习的快乐[M].  
    教育科学出版社
    ,  
    (日)佐藤学著, 
    2004
  

  国际期刊数据库
          共3条
        
  
    [1]Connectivism: A knowledge learning theory for the digital age?[J] .   
    John Gerard Scott Goldie.&nbsp&nbspMedical Teacher .      
    2016
      (10)
    
    [2]Extending the TAM model to explore the factors that affect Intention to Use an Online Learning Community[J] .   
    I-Fan Liu,Meng Chang Chen,Yeali S. Sun,David Wible,Chin-Hwa Kuo.&nbsp&nbspComputers & Education .      
    2009
      (2)
    
    [3]Group cognition in computer‐assisted collaborative learning[J] .   
    GerryStahl.&nbsp&nbspJournal of Computer Assisted Learning .      
    2005
      (2)
    
  

  外文题录数据库
          共2条
        
  
    
          [1]
        Data-drived online learning engagement detection via facial expression and mouse behavior recognition technology.
         ZHANG Z,LI Z,LIU H, et al. Journal of Education
        . 2019
    
          [2]
        Integrating machine learning into item response theory for addressing the cold start problem in adaptive learning systems.
         PLIAKOS K,JOO S H,PARK J Y, et al. Computers&education
        . 2019
  
"
,CJFD,DHJY202004001,CJFDAUTO,CJFD,0,DHJY,2020,04,CJFD,CJFDAUTO,2,180.0,kns.cnki.net,3.25872802734375,第二届“南国农信息化教育奖”个人成就奖获奖者李克东教授成就简介,,,"<正>李克东,男,生于1938年,华南师范大学教授,1978年开始从事电化教育领域工作。李克东教授及其团队取得的成就包括以下五个方面:一、长期从事教育技术学科的创办、建设、发展和教学改革并作出重要贡献1983年,李克东教授与李运林教授一同创办我国第一个教育技术学本科专业;1986年,华南师范大学成为全国第一批教育技术学硕士点授予单位;1998年,由李克东教授牵头申报并成为继北京师范大学后全国第二个博士点。随后,担任211工程一期、二期建设负责人,2001年牵头申报国家重点学科并获批准,华南师范大学教育技术学科成为我国第一批教育技术学国家重点学科,并担任国家重点学科的学科带头人,取得重要成果,通过国家验收。",,,G40-057;K825.46,
,CJFD,DHJY202004013,CJFDAUTO,CJFD,0,DHJY,2020,04,CJFD,CJFDAUTO,2,180.0,kns.cnki.net,2.224184274673462,混合学习环境下交互式课堂生态系统设计及实证研究,黄志芳 周瑞婕 万力勇,湖北大学教育学院 中南民族大学教育学院,"教育信息化推动了技术支持下的交互式教学模式创新与生态学习环境的重构。文章基于智慧教育理念,在生态系统学、教学交互等相关理论指导下,对交互式课堂生态系统构成要素进行分析的基础上构建了交互式课堂生态系统,设计了交互式生态课堂教学活动,并以""教育技术学研究方法""课程为例,采用实验研究法探究交互式生态课堂对教学效果的影响。研究发现,参与交互式生态课堂学习者的学习表现优于传统多媒体教学,且学习者在不同学习阶段的学习表现具有相关性;相较于传统多媒体教学,参与交互式生态课堂学习者的学习动机的提高更为显著,但学习者的内部学习动机有待进一步提高;参与交互式生态课堂的学习者比传统多媒体教学的学习者有较为积极的情感体验。","混合学习环境;
                  ",10.13811/j.cnki.eer.2020.04.011,G434,"
  中国学术期刊网络出版总库
          共12条
        
  
    [1]面向深度学习的混合式学习模式设计及实证研究[J]. 黄志芳,周瑞婕,赵呈领,万力勇.&nbsp&nbsp中国电化教育.
         2019(11)
        
    [2]智慧课堂的数据流动机制与生态系统构建[J]. 晋欣泉,邢蓓蓓,杨现民,狄璇.&nbsp&nbsp中国远程教育.
         2019(04)
        
    [3]智慧教室中的教学交互促进大学生深度学习研究[J]. 陈蓓蕾,张屹,杨兵,熊婕,林利.&nbsp&nbsp电化教育研究.
         2019(03)
        
    [4]“移动学习+智慧教室”生态学习空间的增强交互理念和设计——以《文学批评》课程为例[J]. 李艳红,徐敏.&nbsp&nbsp中国电化教育.
         2018(10)
        
    [5]走向智慧时代的课堂变革[J]. 邱艺,谢幼如,李世杰,黎佳.&nbsp&nbsp电化教育研究.
         2018(07)
        
    [6]信息生态观视域下的未来课堂——概念内涵及教学体系构建[J]. 刘智明,武法提,殷宝媛.&nbsp&nbsp电化教育研究.
         2018(05)
        
    [7]智慧学习生态系统研究之兴起[J]. 祝智庭,彭红超.&nbsp&nbsp中国电化教育.
         2017(06)
        
    [8]智慧学习生态:培育智慧人才的系统方法论[J]. 祝智庭,彭红超.&nbsp&nbsp电化教育研究.
         2017(04)
        
    [9]I-时代的高校信息化教学资源建设探析——以开放大学为例[J]. 方兵,杨成.&nbsp&nbsp远程教育杂志.
         2013(06)
        
    [10]未来课堂的互动形式与特性研究[J]. 陈卫东,叶新东,张际平.&nbsp&nbsp电化教育研究.
         2011(08)
        
  
  
          nEnable=1;
          ShowPage('12','CJFQ','Mark');
        

  中国重要报纸全文数据库
          共1条
        
  
    [1]升级教育信息化  助力教育系统变革[N].  
    黄荣怀.&nbsp&nbsp中国教育报.
      2018
          (003)
        
  

  国际期刊数据库
          共8条
        
  
    [1]Interaction and presence in the virtual classroom: An analysis of the perceptions of students and teachers in online and blended Advanced Placement courses[J] .   
    Andrew M. Blaine.&nbsp&nbspComputers & Education .      
    2019
    [2]The impact of a flipped classroom approach on student learning experience[J] .   
    Isaiah T. Awidi,Mark Paynter.&nbsp&nbspComputers & Education .      
    2018
    [3]Design and implementation factors in blended synchronous learning environments: Outcomes from a cross-case analysis[J] .   
    Matt Bower,Barney Dalgarno,Gregor E. Kennedy,Mark J.W. Lee,Jacqueline Kenney.&nbsp&nbspComputers & Education .      
    2015
    [4]A contextual game-based learning approach to improving students’ inquiry-based learning performance in social studies courses[J] .   
    Gwo-Jen Hwang,Li-Yu Chiu,Chih-Hung Chen.&nbsp&nbspComputers & Education .      
    2015
    [5]A meta-analysis of blended learning and technology use in higher education: from the general to the applied[J] .   
    Robert M. Bernard,Eugene Borokhovski,Richard F. Schmid,Rana M. Tamim,Philip C. Abrami.&nbsp&nbspJournal of Computing in Higher Education .      
    2014
      (1)
    
    [6]A study of student satisfaction in a blended e-learning system environment[J] .   
    Jen-Her Wu,Robert D. Tennyson,Tzyh-Lih Hsia.&nbsp&nbspComputers & Education .      
    2010
      (1)
    
    [7]The development of a questionnaire to measure students’ motivation towards science learning[J] .   
    Hsiao-Lin  Tuan,Chi-Chin  Chin,Shyang-Horng  Shieh.&nbsp&nbspInternational Journal of Science Education .      
    2005
      (6)
    
    [8]7 A social-cognitive, control-value theory of achievement emotions[J] .   
    Reinhard Pekrun.&nbsp&nbspAdvances in Psychology .      
    2000
  

  外文题录数据库
          共3条
        
  
    
          [1]
        Effects of integrating dynamic concept maps with Interactive Response System on elementary school students’’motivation and learning outcome:The case of anti-phishing education.
         Sun C Y,Chen Y Z. Computers&Education
        . 2016
    
          [2]
        Online Instruction,E-Learning,and Student Satisfaction A Three Year Study.
         Cole M T,Shelley D J,Swartz L B. International Review of Research in Open&Distance Learning
        . 2014
    
          [3]
        The forgotten variable in conformity research:Impact of task importance on social influence.
         Baron R S,Vandello J A,Brunsman B. Journal of Personality
        . 1996
  
"
,CJFD,DHJY202004018,CJFDAUTO,CJFD,0,DHJY,2020,04,CJFD,CJFDAUTO,2,180.0,kns.cnki.net,4.222924470901489,中小学教师信息素养指数研究——基于东部X省教师信息素养调查分析,陈敏 周驰 王欢 吴砥,华中师范大学国家数字化学习工程技术研究中心 华中师范大学湖北教育信息化发展研究中心 华中师范大学教育部教育信息化战略研究基地(华中),"随着大数据、人工智能等技术在教育领域的应用,发展教师信息素养既是""互联网+""时代的需求,也是实现高素质、专业化教师队伍建设的重要举措。为了准确把握我国教师信息素养发展现状,并为全面高效地提升教师信息素养提供决策依据,本研究基于对国内外相关标准、框架及研究成果的深入比较分析,构建了一套中小学教师信息素养评估指标体系,以东部X省5820名中小学教师为研究对象开展实证研究,使用综合指数法对中小学教师信息素养指数进行测算,分析了当前教师信息素养发展现状与差异,并提出""培养信息创新意识""""提升信息管理水平""""强化信息应用安全""""关注农村教师等弱势群体""四方面的发展建议。","教师信息素养;
                  ",10.13811/j.cnki.eer.2020.04.016,G434;G635.1,"
  中国学术期刊网络出版总库
          共19条
        
  
    [1]落实  落实  再落实——在2019年全国教育工作会议上的讲话[J]. 陈宝生.&nbsp&nbsp人民教育.
         2019(Z1)
        
    [2]教育信息化2.0的时代逻辑——《教育信息化2.0行动计划》解读之一[J]. 吴旻瑜,武晓菲.&nbsp&nbsp远程教育杂志.
         2018(04)
        
    [3]加快推进2.0,打造教育信息化升级版——《教育信息化2.0行动计划》解读之二[J]. 任昌山.&nbsp&nbsp电化教育研究.
         2018(06)
        
    [4]教育信息化2.0:新时代信息技术变革教育的关键历史跃迁[J]. 杨宗凯,吴砥,郑旭东.&nbsp&nbsp教育研究.
         2018(04)
        
    [5]教育信息化评估:研究、实践与反思[J]. 吴砥,余丽芹,李枞枞,吴磊.&nbsp&nbsp电化教育研究.
         2018(04)
        
    [6]论国际视野中的教师核心素养[J]. 王美君,顾銮斋.&nbsp&nbsp天津师范大学学报(社会科学版).
         2018(01)
        
    [7]城市智慧学习环境指数研究[J]. 刘德建,唐斯斯,庄榕霞,焦艳丽,谢春荣,黄荣怀.&nbsp&nbsp开放教育研究.
         2016(05)
        
    [8]我国中部地区基础教育信息化发展水平研究——基于湖北、湖南、江西、河南、安徽5省14个市(区)的调查分析[J]. 吴砥,李枞枞,周文婷,卢春.&nbsp&nbsp中国电化教育.
         2016(07)
        
    [9]中小学教师信息素养现状及提升策略[J]. 曹传东,向春艳.&nbsp&nbsp教学与管理.
         2015(33)
        
    [10]苏州教育信息化发展指数研究[J]. 卢春,吴砥,周文婷.&nbsp&nbsp中国教育信息化.
         2014(18)
        
  
  
          nEnable=1;
          ShowPage('19','CJFQ','Mark');
        

  外文题录数据库
          共5条
        
  
    
          [1]
        ISTE Standards teachers.
         ISTE. https://www.iste.org/docs/pdfs/20-14_ISTE_Standards-T_PDF.pdf
        . 2019
    
          [2]
        ISTE Standards for educators.
         ISTE. https://www.iste.org/standards/for-educators.htm
        . 2019
    
          [3]
        Information literacy standards for teacher education.
         ALA. http://www.ala.org/acrl/sites/ala.org.acrl/files/content/standards/ilstandards_te.pdf
        . 2019
    
          [4]
        UNESCO ICT Competency framework for teachers.
         UNESCO. http://unesdoc.unesco.org/images/0021/002134/213475e.pdf
        . 2019
    
          [5]
        European framework for the digital competence of educators:Dig Comp Edu.
         EUROPEAN COMMISSION. https://ec.europa.eu/jrc/en/publication/eur-scientific-and-technical-research-reports/european-framework-digital-competence-educatorsdigcompedu.htm
        . 2019
  
"
,CJFD,DHJY202004015,CJFDAUTO,CJFD,0,DHJY,2020,04,CJFD,CJFDAUTO,2,180.0,kns.cnki.net,4.249483823776245,基于教学行为数据分析的“互联网+在地化课堂”优化对策研究,王继新 田俊 王萱 韦怡彤,华中师范大学教育信息技术学院 华中师范大学教育信息技术协同创新中心 华中师范大学信息化与基础教育均衡发展协同创新中心,"""互联网+在地化课堂""是解决乡村教学点开不齐、开不足、开不好课问题的有效策略,也是提升乡村教育质量的关键抓手,在实施过程中应不断总结经验、验证成效并优化升级。文章首先陈述了""互联网+在地化课堂""的理念提出与实施过程;其次融合TIMSS的课堂教学行为分析和LICC课堂观察的方法,从教学共同体的协同行为、课堂教学言语与非言语行为的规范性、课堂的组织规模与个性化培养等方面进行了课堂教学行为分析。最后以教学行为数据分析结果为依据,从协同机制、教学规范和智能扶智三个维度提出了优化对策,包括充分激发共同体内外协同动力,优化组织架构,责权分配和制度安排;制定教学规范,引导共同体教师的协同教学设计、实践与评价;以""AI+教育""助力同步互动课堂精准化教学与个性化学习。","课堂教学;
                  ",10.13811/j.cnki.eer.2020.04.013,G434,"
  中国学术期刊网络出版总库
          共17条
        
  
    [1]“互联网+在地化”:乡村学校教学质量提升的实践研究[J]. 田俊,王继新,王萱.&nbsp&nbsp中国电化教育.
         2019(10)
        
    [2]学生发展关键能力视角下深度贫困地区乡村学校课堂问题研究[J]. 杨立昌,杨跃鸣,赵敏.&nbsp&nbsp教育科学研究.
         2019(07)
        
    [3]教师行为对教学视频学习效果影响的眼动研究[J]. 王红艳,胡卫平,皮忠玲,葛文双,徐益龙,范笑天,梁燕玲.&nbsp&nbsp远程教育杂志.
         2018(05)
        
    [4]信息技术助力农村教学点课堂教学结构创新与均衡发展实践[J]. 黄涛,田俊,吴璐璐.&nbsp&nbsp电化教育研究.
         2018(05)
        
    [5]信息化助力农村教学点学生发展的观测与评价——以咸安教学实验区为例[J]. 王继新,陈文竹.&nbsp&nbsp中国电化教育.
         2018(03)
        
    [6]信息化助力县域内教育优质均衡发展研究[J]. 王继新,张伟平.&nbsp&nbsp中国电化教育.
         2018(02)
        
    [7]人工智能赋能教育与学习[J]. 贾积有.&nbsp&nbsp远程教育杂志.
         2018(01)
        
    [8]课堂教学行为大数据透视下的教学现象探析[J]. 王陆,李瑶.&nbsp&nbsp电化教育研究.
         2017(04)
        
    [9]英语教师课堂教学规范研究:欧美职前外语教师标准的视角[J]. 郭宝仙.&nbsp&nbsp全球教育展望.
         2015(04)
        
    [10]聚焦学习行为:教学论研究的视域转换[J]. 向葵花,陈佑清.&nbsp&nbsp课程.教材.教法.
         2013(12)
        
  
  
          nEnable=1;
          ShowPage('17','CJFQ','Mark');
        

  国际期刊数据库
          共1条
        
  
    [1]Place- and Community-Based Education in Schools[J] .   
    Knapp,Clifford E.&nbsp&nbspThe Journal of Environmental Education .      
    2011
      (1)
    
  

  外文题录数据库
          共1条
        
  
    
          [1]
        ""The CIPP Model for Program Evaluation"".
         Stufflebeam,D.L. Evaluation Models
        . 1983
  
"
